[{"model": "account.theme", "pk": 1, "fields": {"name": "Default", "header": "#7AADFFFF", "sidebar": "#FF521BFF", "text": "#B3FF0AFF", "menu": "#C5BCFFFF", "selected": "#FF1635FF", "hover_background": "#CCFFBBFF", "hover_text": "#FFF1F1FF", "image": "theme/color-scheme-thumbnail-powder-snow-dd7226f70a49c3bd6e20.svg"}}, {"model": "account.profile", "pk": 1, "fields": {"user": 1, "full_name": "Root User", "photo": "users/2021/10/30/deviantart_895059193_Study.jpg", "about": "About me NanN", "color": "#35FF18FF", "my_theme": 1}}, {"model": "account.profile", "pk": 2, "fields": {"user": 2, "full_name": "hum mahan baho", "photo": "users/2021/10/27/deviantart_876076981_Reptilian_Blues.jpg", "about": "Un mahan bhao", "color": "#FFFFFFFF", "my_theme": 1}}, {"model": "account.profile", "pk": 3, "fields": {"user": 3, "full_name": "ss", "photo": "account/defaultprofileimage.jpg", "about": null, "color": "#FFFFFFFF", "my_theme": 1}}, {"model": "account.profile", "pk": 4, "fields": {"user": 4, "full_name": null, "photo": "account/defaultprofileimage.jpg", "about": null, "color": "#FFFFFFFF", "my_theme": 1}}, {"model": "admin.logentry", "pk": 1, "fields": {"action_time": "2021-10-26T06:32:14.608Z", "user": 1, "content_type": 3, "object_id": "1", "object_repr": "Default", "action_flag": 1, "change_message": "[{\"added\": {}}]"}}, {"model": "admin.logentry", "pk": 2, "fields": {"action_time": "2021-10-26T06:32:17.393Z", "user": 1, "content_type": 1, "object_id": "1", "object_repr": "root", "action_flag": 1, "change_message": "[{\"added\": {}}]"}}, {"model": "auth.permission", "pk": 1, "fields": {"name": "Can add profile", "content_type": 1, "codename": "add_profile"}}, {"model": "auth.permission", "pk": 2, "fields": {"name": "Can change profile", "content_type": 1, "codename": "change_profile"}}, {"model": "auth.permission", "pk": 3, "fields": {"name": "Can delete profile", "content_type": 1, "codename": "delete_profile"}}, {"model": "auth.permission", "pk": 4, "fields": {"name": "Can view profile", "content_type": 1, "codename": "view_profile"}}, {"model": "auth.permission", "pk": 5, "fields": {"name": "Can add contact", "content_type": 2, "codename": "add_contact"}}, {"model": "auth.permission", "pk": 6, "fields": {"name": "Can change contact", "content_type": 2, "codename": "change_contact"}}, {"model": "auth.permission", "pk": 7, "fields": {"name": "Can delete contact", "content_type": 2, "codename": "delete_contact"}}, {"model": "auth.permission", "pk": 8, "fields": {"name": "Can view contact", "content_type": 2, "codename": "view_contact"}}, {"model": "auth.permission", "pk": 9, "fields": {"name": "Can add theme", "content_type": 3, "codename": "add_theme"}}, {"model": "auth.permission", "pk": 10, "fields": {"name": "Can change theme", "content_type": 3, "codename": "change_theme"}}, {"model": "auth.permission", "pk": 11, "fields": {"name": "Can delete theme", "content_type": 3, "codename": "delete_theme"}}, {"model": "auth.permission", "pk": 12, "fields": {"name": "Can view theme", "content_type": 3, "codename": "view_theme"}}, {"model": "auth.permission", "pk": 13, "fields": {"name": "Can add log entry", "content_type": 4, "codename": "add_logentry"}}, {"model": "auth.permission", "pk": 14, "fields": {"name": "Can change log entry", "content_type": 4, "codename": "change_logentry"}}, {"model": "auth.permission", "pk": 15, "fields": {"name": "Can delete log entry", "content_type": 4, "codename": "delete_logentry"}}, {"model": "auth.permission", "pk": 16, "fields": {"name": "Can view log entry", "content_type": 4, "codename": "view_logentry"}}, {"model": "auth.permission", "pk": 17, "fields": {"name": "Can add permission", "content_type": 5, "codename": "add_permission"}}, {"model": "auth.permission", "pk": 18, "fields": {"name": "Can change permission", "content_type": 5, "codename": "change_permission"}}, {"model": "auth.permission", "pk": 19, "fields": {"name": "Can delete permission", "content_type": 5, "codename": "delete_permission"}}, {"model": "auth.permission", "pk": 20, "fields": {"name": "Can view permission", "content_type": 5, "codename": "view_permission"}}, {"model": "auth.permission", "pk": 21, "fields": {"name": "Can add group", "content_type": 6, "codename": "add_group"}}, {"model": "auth.permission", "pk": 22, "fields": {"name": "Can change group", "content_type": 6, "codename": "change_group"}}, {"model": "auth.permission", "pk": 23, "fields": {"name": "Can delete group", "content_type": 6, "codename": "delete_group"}}, {"model": "auth.permission", "pk": 24, "fields": {"name": "Can view group", "content_type": 6, "codename": "view_group"}}, {"model": "auth.permission", "pk": 25, "fields": {"name": "Can add user", "content_type": 7, "codename": "add_user"}}, {"model": "auth.permission", "pk": 26, "fields": {"name": "Can change user", "content_type": 7, "codename": "change_user"}}, {"model": "auth.permission", "pk": 27, "fields": {"name": "Can delete user", "content_type": 7, "codename": "delete_user"}}, {"model": "auth.permission", "pk": 28, "fields": {"name": "Can view user", "content_type": 7, "codename": "view_user"}}, {"model": "auth.permission", "pk": 29, "fields": {"name": "Can add content type", "content_type": 8, "codename": "add_contenttype"}}, {"model": "auth.permission", "pk": 30, "fields": {"name": "Can change content type", "content_type": 8, "codename": "change_contenttype"}}, {"model": "auth.permission", "pk": 31, "fields": {"name": "Can delete content type", "content_type": 8, "codename": "delete_contenttype"}}, {"model": "auth.permission", "pk": 32, "fields": {"name": "Can view content type", "content_type": 8, "codename": "view_contenttype"}}, {"model": "auth.permission", "pk": 33, "fields": {"name": "Can add session", "content_type": 9, "codename": "add_session"}}, {"model": "auth.permission", "pk": 34, "fields": {"name": "Can change session", "content_type": 9, "codename": "change_session"}}, {"model": "auth.permission", "pk": 35, "fields": {"name": "Can delete session", "content_type": 9, "codename": "delete_session"}}, {"model": "auth.permission", "pk": 36, "fields": {"name": "Can view session", "content_type": 9, "codename": "view_session"}}, {"model": "auth.permission", "pk": 37, "fields": {"name": "Can add site", "content_type": 10, "codename": "add_site"}}, {"model": "auth.permission", "pk": 38, "fields": {"name": "Can change site", "content_type": 10, "codename": "change_site"}}, {"model": "auth.permission", "pk": 39, "fields": {"name": "Can delete site", "content_type": 10, "codename": "delete_site"}}, {"model": "auth.permission", "pk": 40, "fields": {"name": "Can view site", "content_type": 10, "codename": "view_site"}}, {"model": "auth.permission", "pk": 41, "fields": {"name": "Can add source", "content_type": 11, "codename": "add_source"}}, {"model": "auth.permission", "pk": 42, "fields": {"name": "Can change source", "content_type": 11, "codename": "change_source"}}, {"model": "auth.permission", "pk": 43, "fields": {"name": "Can delete source", "content_type": 11, "codename": "delete_source"}}, {"model": "auth.permission", "pk": 44, "fields": {"name": "Can view source", "content_type": 11, "codename": "view_source"}}, {"model": "auth.permission", "pk": 45, "fields": {"name": "Can add thumbnail", "content_type": 12, "codename": "add_thumbnail"}}, {"model": "auth.permission", "pk": 46, "fields": {"name": "Can change thumbnail", "content_type": 12, "codename": "change_thumbnail"}}, {"model": "auth.permission", "pk": 47, "fields": {"name": "Can delete thumbnail", "content_type": 12, "codename": "delete_thumbnail"}}, {"model": "auth.permission", "pk": 48, "fields": {"name": "Can view thumbnail", "content_type": 12, "codename": "view_thumbnail"}}, {"model": "auth.permission", "pk": 49, "fields": {"name": "Can add thumbnail dimensions", "content_type": 13, "codename": "add_thumbnaildimensions"}}, {"model": "auth.permission", "pk": 50, "fields": {"name": "Can change thumbnail dimensions", "content_type": 13, "codename": "change_thumbnaildimensions"}}, {"model": "auth.permission", "pk": 51, "fields": {"name": "Can delete thumbnail dimensions", "content_type": 13, "codename": "delete_thumbnaildimensions"}}, {"model": "auth.permission", "pk": 52, "fields": {"name": "Can view thumbnail dimensions", "content_type": 13, "codename": "view_thumbnaildimensions"}}, {"model": "auth.permission", "pk": 53, "fields": {"name": "Can add tag", "content_type": 14, "codename": "add_tag"}}, {"model": "auth.permission", "pk": 54, "fields": {"name": "Can change tag", "content_type": 14, "codename": "change_tag"}}, {"model": "auth.permission", "pk": 55, "fields": {"name": "Can delete tag", "content_type": 14, "codename": "delete_tag"}}, {"model": "auth.permission", "pk": 56, "fields": {"name": "Can view tag", "content_type": 14, "codename": "view_tag"}}, {"model": "auth.permission", "pk": 57, "fields": {"name": "Can add tagged item", "content_type": 15, "codename": "add_taggeditem"}}, {"model": "auth.permission", "pk": 58, "fields": {"name": "Can change tagged item", "content_type": 15, "codename": "change_taggeditem"}}, {"model": "auth.permission", "pk": 59, "fields": {"name": "Can delete tagged item", "content_type": 15, "codename": "delete_taggeditem"}}, {"model": "auth.permission", "pk": 60, "fields": {"name": "Can view tagged item", "content_type": 15, "codename": "view_taggeditem"}}, {"model": "auth.permission", "pk": 61, "fields": {"name": "Can add action", "content_type": 16, "codename": "add_action"}}, {"model": "auth.permission", "pk": 62, "fields": {"name": "Can change action", "content_type": 16, "codename": "change_action"}}, {"model": "auth.permission", "pk": 63, "fields": {"name": "Can delete action", "content_type": 16, "codename": "delete_action"}}, {"model": "auth.permission", "pk": 64, "fields": {"name": "Can view action", "content_type": 16, "codename": "view_action"}}, {"model": "auth.permission", "pk": 65, "fields": {"name": "Can add category", "content_type": 17, "codename": "add_category"}}, {"model": "auth.permission", "pk": 66, "fields": {"name": "Can change category", "content_type": 17, "codename": "change_category"}}, {"model": "auth.permission", "pk": 67, "fields": {"name": "Can delete category", "content_type": 17, "codename": "delete_category"}}, {"model": "auth.permission", "pk": 68, "fields": {"name": "Can view category", "content_type": 17, "codename": "view_category"}}, {"model": "auth.permission", "pk": 69, "fields": {"name": "Can add post", "content_type": 18, "codename": "add_post"}}, {"model": "auth.permission", "pk": 70, "fields": {"name": "Can change post", "content_type": 18, "codename": "change_post"}}, {"model": "auth.permission", "pk": 71, "fields": {"name": "Can delete post", "content_type": 18, "codename": "delete_post"}}, {"model": "auth.permission", "pk": 72, "fields": {"name": "Can view post", "content_type": 18, "codename": "view_post"}}, {"model": "auth.permission", "pk": 73, "fields": {"name": "Can add comment", "content_type": 19, "codename": "add_comment"}}, {"model": "auth.permission", "pk": 74, "fields": {"name": "Can change comment", "content_type": 19, "codename": "change_comment"}}, {"model": "auth.permission", "pk": 75, "fields": {"name": "Can delete comment", "content_type": 19, "codename": "delete_comment"}}, {"model": "auth.permission", "pk": 76, "fields": {"name": "Can view comment", "content_type": 19, "codename": "view_comment"}}, {"model": "auth.permission", "pk": 77, "fields": {"name": "Can add shared or other edit", "content_type": 20, "codename": "add_sharedorotheredit"}}, {"model": "auth.permission", "pk": 78, "fields": {"name": "Can change shared or other edit", "content_type": 20, "codename": "change_sharedorotheredit"}}, {"model": "auth.permission", "pk": 79, "fields": {"name": "Can delete shared or other edit", "content_type": 20, "codename": "delete_sharedorotheredit"}}, {"model": "auth.permission", "pk": 80, "fields": {"name": "Can view shared or other edit", "content_type": 20, "codename": "view_sharedorotheredit"}}, {"model": "auth.permission", "pk": 81, "fields": {"name": "Can add Tag", "content_type": 21, "codename": "add_mycustomtag"}}, {"model": "auth.permission", "pk": 82, "fields": {"name": "Can change Tag", "content_type": 21, "codename": "change_mycustomtag"}}, {"model": "auth.permission", "pk": 83, "fields": {"name": "Can delete Tag", "content_type": 21, "codename": "delete_mycustomtag"}}, {"model": "auth.permission", "pk": 84, "fields": {"name": "Can view Tag", "content_type": 21, "codename": "view_mycustomtag"}}, {"model": "auth.permission", "pk": 85, "fields": {"name": "Can add tagged whatever", "content_type": 22, "codename": "add_taggedwhatever"}}, {"model": "auth.permission", "pk": 86, "fields": {"name": "Can change tagged whatever", "content_type": 22, "codename": "change_taggedwhatever"}}, {"model": "auth.permission", "pk": 87, "fields": {"name": "Can delete tagged whatever", "content_type": 22, "codename": "delete_taggedwhatever"}}, {"model": "auth.permission", "pk": 88, "fields": {"name": "Can view tagged whatever", "content_type": 22, "codename": "view_taggedwhatever"}}, {"model": "auth.permission", "pk": 89, "fields": {"name": "Can add tag name value", "content_type": 23, "codename": "add_tagnamevalue"}}, {"model": "auth.permission", "pk": 90, "fields": {"name": "Can change tag name value", "content_type": 23, "codename": "change_tagnamevalue"}}, {"model": "auth.permission", "pk": 91, "fields": {"name": "Can delete tag name value", "content_type": 23, "codename": "delete_tagnamevalue"}}, {"model": "auth.permission", "pk": 92, "fields": {"name": "Can view tag name value", "content_type": 23, "codename": "view_tagnamevalue"}}, {"model": "auth.permission", "pk": 93, "fields": {"name": "Can add tag contact", "content_type": 24, "codename": "add_tagcontact"}}, {"model": "auth.permission", "pk": 94, "fields": {"name": "Can change tag contact", "content_type": 24, "codename": "change_tagcontact"}}, {"model": "auth.permission", "pk": 95, "fields": {"name": "Can delete tag contact", "content_type": 24, "codename": "delete_tagcontact"}}, {"model": "auth.permission", "pk": 96, "fields": {"name": "Can view tag contact", "content_type": 24, "codename": "view_tagcontact"}}, {"model": "auth.permission", "pk": 97, "fields": {"name": "Can add comment", "content_type": 25, "codename": "add_comment"}}, {"model": "auth.permission", "pk": 98, "fields": {"name": "Can change comment", "content_type": 25, "codename": "change_comment"}}, {"model": "auth.permission", "pk": 99, "fields": {"name": "Can delete comment", "content_type": 25, "codename": "delete_comment"}}, {"model": "auth.permission", "pk": 100, "fields": {"name": "Can view comment", "content_type": 25, "codename": "view_comment"}}, {"model": "auth.permission", "pk": 101, "fields": {"name": "Can add about post", "content_type": 26, "codename": "add_aboutpost"}}, {"model": "auth.permission", "pk": 102, "fields": {"name": "Can change about post", "content_type": 26, "codename": "change_aboutpost"}}, {"model": "auth.permission", "pk": 103, "fields": {"name": "Can delete about post", "content_type": 26, "codename": "delete_aboutpost"}}, {"model": "auth.permission", "pk": 104, "fields": {"name": "Can view about post", "content_type": 26, "codename": "view_aboutpost"}}, {"model": "auth.permission", "pk": 105, "fields": {"name": "Can add about post translated", "content_type": 27, "codename": "add_aboutposttranslated"}}, {"model": "auth.permission", "pk": 106, "fields": {"name": "Can change about post translated", "content_type": 27, "codename": "change_aboutposttranslated"}}, {"model": "auth.permission", "pk": 107, "fields": {"name": "Can delete about post translated", "content_type": 27, "codename": "delete_aboutposttranslated"}}, {"model": "auth.permission", "pk": 108, "fields": {"name": "Can view about post translated", "content_type": 27, "codename": "view_aboutposttranslated"}}, {"model": "auth.permission", "pk": 109, "fields": {"name": "Can add icon code", "content_type": 29, "codename": "add_iconcode"}}, {"model": "auth.permission", "pk": 110, "fields": {"name": "Can change icon code", "content_type": 29, "codename": "change_iconcode"}}, {"model": "auth.permission", "pk": 111, "fields": {"name": "Can delete icon code", "content_type": 29, "codename": "delete_iconcode"}}, {"model": "auth.permission", "pk": 112, "fields": {"name": "Can view icon code", "content_type": 29, "codename": "view_iconcode"}}, {"model": "auth.permission", "pk": 113, "fields": {"name": "Can add publication", "content_type": 30, "codename": "add_publication"}}, {"model": "auth.permission", "pk": 114, "fields": {"name": "Can change publication", "content_type": 30, "codename": "change_publication"}}, {"model": "auth.permission", "pk": 115, "fields": {"name": "Can delete publication", "content_type": 30, "codename": "delete_publication"}}, {"model": "auth.permission", "pk": 116, "fields": {"name": "Can view publication", "content_type": 30, "codename": "view_publication"}}, {"model": "auth.permission", "pk": 117, "fields": {"name": "Can add publication contact", "content_type": 31, "codename": "add_publicationcontact"}}, {"model": "auth.permission", "pk": 118, "fields": {"name": "Can change publication contact", "content_type": 31, "codename": "change_publicationcontact"}}, {"model": "auth.permission", "pk": 119, "fields": {"name": "Can delete publication contact", "content_type": 31, "codename": "delete_publicationcontact"}}, {"model": "auth.permission", "pk": 120, "fields": {"name": "Can view publication contact", "content_type": 31, "codename": "view_publicationcontact"}}, {"model": "auth.permission", "pk": 121, "fields": {"name": "Can add hindi translated post", "content_type": 32, "codename": "add_hinditranslatedpost"}}, {"model": "auth.permission", "pk": 122, "fields": {"name": "Can change hindi translated post", "content_type": 32, "codename": "change_hinditranslatedpost"}}, {"model": "auth.permission", "pk": 123, "fields": {"name": "Can delete hindi translated post", "content_type": 32, "codename": "delete_hinditranslatedpost"}}, {"model": "auth.permission", "pk": 124, "fields": {"name": "Can view hindi translated post", "content_type": 32, "codename": "view_hinditranslatedpost"}}, {"model": "auth.permission", "pk": 125, "fields": {"name": "Can add french translated post", "content_type": 33, "codename": "add_frenchtranslatedpost"}}, {"model": "auth.permission", "pk": 126, "fields": {"name": "Can change french translated post", "content_type": 33, "codename": "change_frenchtranslatedpost"}}, {"model": "auth.permission", "pk": 127, "fields": {"name": "Can delete french translated post", "content_type": 33, "codename": "delete_frenchtranslatedpost"}}, {"model": "auth.permission", "pk": 128, "fields": {"name": "Can view french translated post", "content_type": 33, "codename": "view_frenchtranslatedpost"}}, {"model": "auth.permission", "pk": 129, "fields": {"name": "Can add chinese translated post", "content_type": 34, "codename": "add_chinesetranslatedpost"}}, {"model": "auth.permission", "pk": 130, "fields": {"name": "Can change chinese translated post", "content_type": 34, "codename": "change_chinesetranslatedpost"}}, {"model": "auth.permission", "pk": 131, "fields": {"name": "Can delete chinese translated post", "content_type": 34, "codename": "delete_chinesetranslatedpost"}}, {"model": "auth.permission", "pk": 132, "fields": {"name": "Can view chinese translated post", "content_type": 34, "codename": "view_chinesetranslatedpost"}}, {"model": "auth.permission", "pk": 133, "fields": {"name": "Can add spanish translated post", "content_type": 35, "codename": "add_spanishtranslatedpost"}}, {"model": "auth.permission", "pk": 134, "fields": {"name": "Can change spanish translated post", "content_type": 35, "codename": "change_spanishtranslatedpost"}}, {"model": "auth.permission", "pk": 135, "fields": {"name": "Can delete spanish translated post", "content_type": 35, "codename": "delete_spanishtranslatedpost"}}, {"model": "auth.permission", "pk": 136, "fields": {"name": "Can view spanish translated post", "content_type": 35, "codename": "view_spanishtranslatedpost"}}, {"model": "auth.permission", "pk": 137, "fields": {"name": "Can add arabic translated post", "content_type": 36, "codename": "add_arabictranslatedpost"}}, {"model": "auth.permission", "pk": 138, "fields": {"name": "Can change arabic translated post", "content_type": 36, "codename": "change_arabictranslatedpost"}}, {"model": "auth.permission", "pk": 139, "fields": {"name": "Can delete arabic translated post", "content_type": 36, "codename": "delete_arabictranslatedpost"}}, {"model": "auth.permission", "pk": 140, "fields": {"name": "Can view arabic translated post", "content_type": 36, "codename": "view_arabictranslatedpost"}}, {"model": "auth.permission", "pk": 141, "fields": {"name": "Can add indonesian translated post", "content_type": 37, "codename": "add_indonesiantranslatedpost"}}, {"model": "auth.permission", "pk": 142, "fields": {"name": "Can change indonesian translated post", "content_type": 37, "codename": "change_indonesiantranslatedpost"}}, {"model": "auth.permission", "pk": 143, "fields": {"name": "Can delete indonesian translated post", "content_type": 37, "codename": "delete_indonesiantranslatedpost"}}, {"model": "auth.permission", "pk": 144, "fields": {"name": "Can view indonesian translated post", "content_type": 37, "codename": "view_indonesiantranslatedpost"}}, {"model": "auth.permission", "pk": 145, "fields": {"name": "Can add portuguese translated post", "content_type": 38, "codename": "add_portuguesetranslatedpost"}}, {"model": "auth.permission", "pk": 146, "fields": {"name": "Can change portuguese translated post", "content_type": 38, "codename": "change_portuguesetranslatedpost"}}, {"model": "auth.permission", "pk": 147, "fields": {"name": "Can delete portuguese translated post", "content_type": 38, "codename": "delete_portuguesetranslatedpost"}}, {"model": "auth.permission", "pk": 148, "fields": {"name": "Can view portuguese translated post", "content_type": 38, "codename": "view_portuguesetranslatedpost"}}, {"model": "auth.permission", "pk": 149, "fields": {"name": "Can add japanese translated post", "content_type": 39, "codename": "add_japanesetranslatedpost"}}, {"model": "auth.permission", "pk": 150, "fields": {"name": "Can change japanese translated post", "content_type": 39, "codename": "change_japanesetranslatedpost"}}, {"model": "auth.permission", "pk": 151, "fields": {"name": "Can delete japanese translated post", "content_type": 39, "codename": "delete_japanesetranslatedpost"}}, {"model": "auth.permission", "pk": 152, "fields": {"name": "Can view japanese translated post", "content_type": 39, "codename": "view_japanesetranslatedpost"}}, {"model": "auth.permission", "pk": 153, "fields": {"name": "Can add russian translated post", "content_type": 40, "codename": "add_russiantranslatedpost"}}, {"model": "auth.permission", "pk": 154, "fields": {"name": "Can change russian translated post", "content_type": 40, "codename": "change_russiantranslatedpost"}}, {"model": "auth.permission", "pk": 155, "fields": {"name": "Can delete russian translated post", "content_type": 40, "codename": "delete_russiantranslatedpost"}}, {"model": "auth.permission", "pk": 156, "fields": {"name": "Can view russian translated post", "content_type": 40, "codename": "view_russiantranslatedpost"}}, {"model": "auth.permission", "pk": 157, "fields": {"name": "Can add german translated post", "content_type": 41, "codename": "add_germantranslatedpost"}}, {"model": "auth.permission", "pk": 158, "fields": {"name": "Can change german translated post", "content_type": 41, "codename": "change_germantranslatedpost"}}, {"model": "auth.permission", "pk": 159, "fields": {"name": "Can delete german translated post", "content_type": 41, "codename": "delete_germantranslatedpost"}}, {"model": "auth.permission", "pk": 160, "fields": {"name": "Can view german translated post", "content_type": 41, "codename": "view_germantranslatedpost"}}, {"model": "auth.permission", "pk": 161, "fields": {"name": "Can add korean translated post", "content_type": 42, "codename": "add_koreantranslatedpost"}}, {"model": "auth.permission", "pk": 162, "fields": {"name": "Can change korean translated post", "content_type": 42, "codename": "change_koreantranslatedpost"}}, {"model": "auth.permission", "pk": 163, "fields": {"name": "Can delete korean translated post", "content_type": 42, "codename": "delete_koreantranslatedpost"}}, {"model": "auth.permission", "pk": 164, "fields": {"name": "Can view korean translated post", "content_type": 42, "codename": "view_koreantranslatedpost"}}, {"model": "auth.permission", "pk": 165, "fields": {"name": "Can add norwegian translated post", "content_type": 43, "codename": "add_norwegiantranslatedpost"}}, {"model": "auth.permission", "pk": 166, "fields": {"name": "Can change norwegian translated post", "content_type": 43, "codename": "change_norwegiantranslatedpost"}}, {"model": "auth.permission", "pk": 167, "fields": {"name": "Can delete norwegian translated post", "content_type": 43, "codename": "delete_norwegiantranslatedpost"}}, {"model": "auth.permission", "pk": 168, "fields": {"name": "Can view norwegian translated post", "content_type": 43, "codename": "view_norwegiantranslatedpost"}}, {"model": "auth.permission", "pk": 169, "fields": {"name": "Can add vietnamese translated post", "content_type": 44, "codename": "add_vietnamesetranslatedpost"}}, {"model": "auth.permission", "pk": 170, "fields": {"name": "Can change vietnamese translated post", "content_type": 44, "codename": "change_vietnamesetranslatedpost"}}, {"model": "auth.permission", "pk": 171, "fields": {"name": "Can delete vietnamese translated post", "content_type": 44, "codename": "delete_vietnamesetranslatedpost"}}, {"model": "auth.permission", "pk": 172, "fields": {"name": "Can view vietnamese translated post", "content_type": 44, "codename": "view_vietnamesetranslatedpost"}}, {"model": "auth.permission", "pk": 173, "fields": {"name": "Can add filipino translated post", "content_type": 45, "codename": "add_filipinotranslatedpost"}}, {"model": "auth.permission", "pk": 174, "fields": {"name": "Can change filipino translated post", "content_type": 45, "codename": "change_filipinotranslatedpost"}}, {"model": "auth.permission", "pk": 175, "fields": {"name": "Can delete filipino translated post", "content_type": 45, "codename": "delete_filipinotranslatedpost"}}, {"model": "auth.permission", "pk": 176, "fields": {"name": "Can view filipino translated post", "content_type": 45, "codename": "view_filipinotranslatedpost"}}, {"model": "auth.permission", "pk": 177, "fields": {"name": "Can add italian translated post", "content_type": 46, "codename": "add_italiantranslatedpost"}}, {"model": "auth.permission", "pk": 178, "fields": {"name": "Can change italian translated post", "content_type": 46, "codename": "change_italiantranslatedpost"}}, {"model": "auth.permission", "pk": 179, "fields": {"name": "Can delete italian translated post", "content_type": 46, "codename": "delete_italiantranslatedpost"}}, {"model": "auth.permission", "pk": 180, "fields": {"name": "Can view italian translated post", "content_type": 46, "codename": "view_italiantranslatedpost"}}, {"model": "auth.user", "pk": 1, "fields": {"password": "pbkdf2_sha256$260000$xtg06gR2Z7NxUjoMaXVR9r$fAYpe6rFujSUPpH2b5oINBM9G+hONEWSX8Bzqy7uJ3M=", "last_login": "2021-10-26T06:26:55.210Z", "is_superuser": true, "username": "root", "first_name": "", "last_name": "", "email": "root@vizvasrj.com", "is_staff": true, "is_active": true, "date_joined": "2021-10-26T06:26:15.024Z", "groups": [], "user_permissions": []}}, {"model": "auth.user", "pk": 2, "fields": {"password": "pbkdf2_sha256$260000$r5YU4nBNdB2ch3iPDLWMdy$ZZk2+JSIINOu2kEeSJvaOJAiKB9lNf8h4zicSoGzT2I=", "last_login": "2021-10-26T20:25:29.275Z", "is_superuser": false, "username": "rootone", "first_name": "", "last_name": "", "email": "rootone@vizvasrj.com", "is_staff": false, "is_active": true, "date_joined": "2021-10-26T20:25:17.226Z", "groups": [], "user_permissions": []}}, {"model": "auth.user", "pk": 3, "fields": {"password": "pbkdf2_sha256$260000$yqLjYaduaxqnQCQk5EICfH$HEKm0LJOVkvhFEJBGjw5Uxu4Y8T0+ctRrzA+yuKyMoo=", "last_login": "2021-10-31T17:22:48.340Z", "is_superuser": false, "username": "brot", "first_name": "", "last_name": "", "email": "brot@vizvasrj.com", "is_staff": false, "is_active": true, "date_joined": "2021-10-31T17:22:40.562Z", "groups": [], "user_permissions": []}}, {"model": "auth.user", "pk": 4, "fields": {"password": "pbkdf2_sha256$260000$FtSlWSufUBonK6luiQpITn$7vsK7jFb5g/PkuevWoy4UDQfwbQBzmJvofQLyeWOeBE=", "last_login": "2021-10-31T17:53:00.388Z", "is_superuser": false, "username": "one2", "first_name": "", "last_name": "", "email": "one2@vizvasrj.com", "is_staff": false, "is_active": true, "date_joined": "2021-10-31T17:52:51.899Z", "groups": [], "user_permissions": []}}, {"model": "contenttypes.contenttype", "pk": 1, "fields": {"app_label": "account", "model": "profile"}}, {"model": "contenttypes.contenttype", "pk": 2, "fields": {"app_label": "account", "model": "contact"}}, {"model": "contenttypes.contenttype", "pk": 3, "fields": {"app_label": "account", "model": "theme"}}, {"model": "contenttypes.contenttype", "pk": 4, "fields": {"app_label": "admin", "model": "logentry"}}, {"model": "contenttypes.contenttype", "pk": 5, "fields": {"app_label": "auth", "model": "permission"}}, {"model": "contenttypes.contenttype", "pk": 6, "fields": {"app_label": "auth", "model": "group"}}, {"model": "contenttypes.contenttype", "pk": 7, "fields": {"app_label": "auth", "model": "user"}}, {"model": "contenttypes.contenttype", "pk": 8, "fields": {"app_label": "contenttypes", "model": "contenttype"}}, {"model": "contenttypes.contenttype", "pk": 9, "fields": {"app_label": "sessions", "model": "session"}}, {"model": "contenttypes.contenttype", "pk": 10, "fields": {"app_label": "sites", "model": "site"}}, {"model": "contenttypes.contenttype", "pk": 11, "fields": {"app_label": "easy_thumbnails", "model": "source"}}, {"model": "contenttypes.contenttype", "pk": 12, "fields": {"app_label": "easy_thumbnails", "model": "thumbnail"}}, {"model": "contenttypes.contenttype", "pk": 13, "fields": {"app_label": "easy_thumbnails", "model": "thumbnaildimensions"}}, {"model": "contenttypes.contenttype", "pk": 14, "fields": {"app_label": "taggit", "model": "tag"}}, {"model": "contenttypes.contenttype", "pk": 15, "fields": {"app_label": "taggit", "model": "taggeditem"}}, {"model": "contenttypes.contenttype", "pk": 16, "fields": {"app_label": "actions", "model": "action"}}, {"model": "contenttypes.contenttype", "pk": 17, "fields": {"app_label": "blog", "model": "category"}}, {"model": "contenttypes.contenttype", "pk": 18, "fields": {"app_label": "blog", "model": "post"}}, {"model": "contenttypes.contenttype", "pk": 19, "fields": {"app_label": "blog", "model": "comment"}}, {"model": "contenttypes.contenttype", "pk": 20, "fields": {"app_label": "blog", "model": "sharedorotheredit"}}, {"model": "contenttypes.contenttype", "pk": 21, "fields": {"app_label": "blog", "model": "mycustomtag"}}, {"model": "contenttypes.contenttype", "pk": 22, "fields": {"app_label": "blog", "model": "taggedwhatever"}}, {"model": "contenttypes.contenttype", "pk": 23, "fields": {"app_label": "blog", "model": "tagnamevalue"}}, {"model": "contenttypes.contenttype", "pk": 24, "fields": {"app_label": "blog", "model": "tagcontact"}}, {"model": "contenttypes.contenttype", "pk": 25, "fields": {"app_label": "comment", "model": "comment"}}, {"model": "contenttypes.contenttype", "pk": 26, "fields": {"app_label": "about", "model": "aboutpost"}}, {"model": "contenttypes.contenttype", "pk": 27, "fields": {"app_label": "about", "model": "aboutposttranslated"}}, {"model": "contenttypes.contenttype", "pk": 28, "fields": {"app_label": "about", "model": "aboutposttranslatedtranslation"}}, {"model": "contenttypes.contenttype", "pk": 29, "fields": {"app_label": "flag", "model": "iconcode"}}, {"model": "contenttypes.contenttype", "pk": 30, "fields": {"app_label": "publication", "model": "publication"}}, {"model": "contenttypes.contenttype", "pk": 31, "fields": {"app_label": "publication", "model": "publicationcontact"}}, {"model": "contenttypes.contenttype", "pk": 32, "fields": {"app_label": "hindi_translate", "model": "hinditranslatedpost"}}, {"model": "contenttypes.contenttype", "pk": 33, "fields": {"app_label": "french_translate", "model": "frenchtranslatedpost"}}, {"model": "contenttypes.contenttype", "pk": 34, "fields": {"app_label": "chinese_translate", "model": "chinesetranslatedpost"}}, {"model": "contenttypes.contenttype", "pk": 35, "fields": {"app_label": "spanish_translate", "model": "spanishtranslatedpost"}}, {"model": "contenttypes.contenttype", "pk": 36, "fields": {"app_label": "arabic_translate", "model": "arabictranslatedpost"}}, {"model": "contenttypes.contenttype", "pk": 37, "fields": {"app_label": "indonesian_translate", "model": "indonesiantranslatedpost"}}, {"model": "contenttypes.contenttype", "pk": 38, "fields": {"app_label": "portuguese_translate", "model": "portuguesetranslatedpost"}}, {"model": "contenttypes.contenttype", "pk": 39, "fields": {"app_label": "japanese_translate", "model": "japanesetranslatedpost"}}, {"model": "contenttypes.contenttype", "pk": 40, "fields": {"app_label": "russian_translate", "model": "russiantranslatedpost"}}, {"model": "contenttypes.contenttype", "pk": 41, "fields": {"app_label": "german_translate", "model": "germantranslatedpost"}}, {"model": "contenttypes.contenttype", "pk": 42, "fields": {"app_label": "korean_translate", "model": "koreantranslatedpost"}}, {"model": "contenttypes.contenttype", "pk": 43, "fields": {"app_label": "norwegian_translate", "model": "norwegiantranslatedpost"}}, {"model": "contenttypes.contenttype", "pk": 44, "fields": {"app_label": "vietnamese_translate", "model": "vietnamesetranslatedpost"}}, {"model": "contenttypes.contenttype", "pk": 45, "fields": {"app_label": "filipino_translate", "model": "filipinotranslatedpost"}}, {"model": "contenttypes.contenttype", "pk": 46, "fields": {"app_label": "italian_translate", "model": "italiantranslatedpost"}}, {"model": "sessions.session", "pk": "mmg5l42jn3gatgt6dvhp2pcxpaktlmtq", "fields": {"session_data": ".eJxVjEEOwiAQRe_C2pCWIcC4dO8ZCMNMpWpoUtpV491tky50-977f1MxrUuJa5M5jqyuyqrLL6OUX1IPwc9UH5POU13mkfSR6NM2fZ9Y3rez_TsoqZV9PViRhIZ850OyiBCMNR6cDzYDuZ04sAK5I0BPGBxBD-x7EsHAA6vPF8D_Nz8:1mhF0u:zgHVFt_67RlVC7312jevHhjReaUqpX1_X-0JEG2b_o4", "expire_date": "2021-11-14T17:53:00.409Z"}}, {"model": "sessions.session", "pk": "rwswomiypkmza6mifwki4zjtvrshktq9", "fields": {"session_data": ".eJxVjDEOwjAMRe-SGUVJqJ3CyN4zRHZsSAGlUtNOiLtDpQ6w_vfef5lE61LS2nROo5iz8ebwuzHlh9YNyJ3qbbJ5qss8st0Uu9Nmh0n0edndv4NCrXzroFECXU8QiB0ieOCOFPsOMwo4hIh9EI-BHHL0-YjBRc3gNCszg3l_AM8cN5I:1mfFvD:1ix5MXZS97HuQrUv02ROVHsIlJ3ovHRaFUf7WOc99vs", "expire_date": "2021-11-09T06:26:55.233Z"}}, {"model": "sites.site", "pk": 1, "fields": {"domain": "example.com", "name": "example.com"}}, {"model": "easy_thumbnails.source", "pk": 1, "fields": {"storage_hash": "f9bde26a1556cd667f742bd34ec7c55e", "name": "users/2021/10/26/Screenshot_from_2021-10-26_00-17-22.png", "modified": "2021-10-26T06:55:18.054Z"}}, {"model": "easy_thumbnails.source", "pk": 2, "fields": {"storage_hash": "f9bde26a1556cd667f742bd34ec7c55e", "name": "cover/2021/10/26/Screenshot_from_2021-10-26_00-17-22.png", "modified": "2021-10-26T20:24:27.305Z"}}, {"model": "easy_thumbnails.source", "pk": 3, "fields": {"storage_hash": "f9bde26a1556cd667f742bd34ec7c55e", "name": "users/2021/10/26/deviantart_876076763_Ulysses_Standing_Alone.jpg", "modified": "2021-10-26T20:38:00.981Z"}}, {"model": "easy_thumbnails.source", "pk": 4, "fields": {"storage_hash": "f9bde26a1556cd667f742bd34ec7c55e", "name": "users/2021/10/27/deviantart_876076981_Reptilian_Blues.jpg", "modified": "2021-10-26T20:58:40.729Z"}}, {"model": "easy_thumbnails.source", "pk": 5, "fields": {"storage_hash": "f9bde26a1556cd667f742bd34ec7c55e", "name": "cover/2021/10/27/deviantart_747396615_Sasuke.jpg", "modified": "2021-10-27T11:01:28.162Z"}}, {"model": "easy_thumbnails.source", "pk": 6, "fields": {"storage_hash": "f9bde26a1556cd667f742bd34ec7c55e", "name": "users/2021/10/30/deviantart_895059193_Study.jpg", "modified": "2021-10-31T22:22:26.726Z"}}, {"model": "easy_thumbnails.source", "pk": 7, "fields": {"storage_hash": "f9bde26a1556cd667f742bd34ec7c55e", "name": "account/defaultprofileimage.jpg", "modified": "2021-11-01T17:16:10.805Z"}}, {"model": "easy_thumbnails.source", "pk": 8, "fields": {"storage_hash": "f9bde26a1556cd667f742bd34ec7c55e", "name": "cover/2021/11/01/deviantart_878531189_Spring_Dragon_of_great_wealth_and_good_luck.jpg", "modified": "2021-11-01T23:18:46.826Z"}}, {"model": "easy_thumbnails.thumbnail", "pk": 1, "fields": {"storage_hash": "d26becbf46ac48eda79c7a39a13a02dd", "name": "users/2021/10/26/Screenshot_from_2021-10-26_00-17-22.png.42x42_q85_crop.png", "modified": "2021-10-26T06:32:23.747Z", "source": 1}}, {"model": "easy_thumbnails.thumbnail", "pk": 2, "fields": {"storage_hash": "d26becbf46ac48eda79c7a39a13a02dd", "name": "users/2021/10/26/Screenshot_from_2021-10-26_00-17-22.png.300x300_q85_crop-100%.png", "modified": "2021-10-26T06:32:27.710Z", "source": 1}}, {"model": "easy_thumbnails.thumbnail", "pk": 3, "fields": {"storage_hash": "d26becbf46ac48eda79c7a39a13a02dd", "name": "users/2021/10/26/Screenshot_from_2021-10-26_00-17-22.png.42x42_q85_crop-100%.png", "modified": "2021-10-26T06:46:31.132Z", "source": 1}}, {"model": "easy_thumbnails.thumbnail", "pk": 4, "fields": {"storage_hash": "d26becbf46ac48eda79c7a39a13a02dd", "name": "cover/2021/10/26/Screenshot_from_2021-10-26_00-17-22.png.800x400_q85_crop-100%.png", "modified": "2021-10-26T06:46:31.423Z", "source": 2}}, {"model": "easy_thumbnails.thumbnail", "pk": 5, "fields": {"storage_hash": "d26becbf46ac48eda79c7a39a13a02dd", "name": "users/2021/10/26/Screenshot_from_2021-10-26_00-17-22.png.30x30_q85_crop.png", "modified": "2021-10-26T06:55:18.119Z", "source": 1}}, {"model": "easy_thumbnails.thumbnail", "pk": 6, "fields": {"storage_hash": "d26becbf46ac48eda79c7a39a13a02dd", "name": "cover/2021/10/26/Screenshot_from_2021-10-26_00-17-22.png.735x300_q85_crop.png", "modified": "2021-10-26T06:55:18.534Z", "source": 2}}, {"model": "easy_thumbnails.thumbnail", "pk": 7, "fields": {"storage_hash": "d26becbf46ac48eda79c7a39a13a02dd", "name": "cover/2021/10/26/Screenshot_from_2021-10-26_00-17-22.png.883x341_q85_crop-100%.png", "modified": "2021-10-26T08:40:55.949Z", "source": 2}}, {"model": "easy_thumbnails.thumbnail", "pk": 8, "fields": {"storage_hash": "d26becbf46ac48eda79c7a39a13a02dd", "name": "users/2021/10/26/deviantart_876076763_Ulysses_Standing_Alone.jpg.42x42_q85_crop.jpg", "modified": "2021-10-26T09:15:03.254Z", "source": 3}}, {"model": "easy_thumbnails.thumbnail", "pk": 9, "fields": {"storage_hash": "d26becbf46ac48eda79c7a39a13a02dd", "name": "users/2021/10/26/deviantart_876076763_Ulysses_Standing_Alone.jpg.300x300_q85_crop-100%.jpg", "modified": "2021-10-26T09:15:03.431Z", "source": 3}}, {"model": "easy_thumbnails.thumbnail", "pk": 10, "fields": {"storage_hash": "d26becbf46ac48eda79c7a39a13a02dd", "name": "users/2021/10/26/deviantart_876076763_Ulysses_Standing_Alone.jpg.30x30_q85_crop.jpg", "modified": "2021-10-26T09:15:10.587Z", "source": 3}}, {"model": "easy_thumbnails.thumbnail", "pk": 11, "fields": {"storage_hash": "d26becbf46ac48eda79c7a39a13a02dd", "name": "users/2021/10/26/deviantart_876076763_Ulysses_Standing_Alone.jpg.42x42_q85_crop-100%.jpg", "modified": "2021-10-26T19:45:10.828Z", "source": 3}}, {"model": "easy_thumbnails.thumbnail", "pk": 12, "fields": {"storage_hash": "d26becbf46ac48eda79c7a39a13a02dd", "name": "users/2021/10/26/deviantart_876076763_Ulysses_Standing_Alone.jpg.400x400_q85_crop-100%.jpg", "modified": "2021-10-26T20:24:26.801Z", "source": 3}}, {"model": "easy_thumbnails.thumbnail", "pk": 13, "fields": {"storage_hash": "d26becbf46ac48eda79c7a39a13a02dd", "name": "users/2021/10/26/deviantart_876076763_Ulysses_Standing_Alone.jpg.600x600_q85_crop-100%.jpg", "modified": "2021-10-26T20:24:27.044Z", "source": 3}}, {"model": "easy_thumbnails.thumbnail", "pk": 14, "fields": {"storage_hash": "d26becbf46ac48eda79c7a39a13a02dd", "name": "cover/2021/10/26/Screenshot_from_2021-10-26_00-17-22.png.759x382_q85_crop-100%.png", "modified": "2021-10-26T20:24:27.331Z", "source": 2}}, {"model": "easy_thumbnails.thumbnail", "pk": 15, "fields": {"storage_hash": "d26becbf46ac48eda79c7a39a13a02dd", "name": "users/2021/10/27/deviantart_876076981_Reptilian_Blues.jpg.42x42_q85_crop.jpg", "modified": "2021-10-26T20:36:05.998Z", "source": 4}}, {"model": "easy_thumbnails.thumbnail", "pk": 16, "fields": {"storage_hash": "d26becbf46ac48eda79c7a39a13a02dd", "name": "users/2021/10/27/deviantart_876076981_Reptilian_Blues.jpg.300x300_q85_crop-100%.jpg", "modified": "2021-10-26T20:36:06.230Z", "source": 4}}, {"model": "easy_thumbnails.thumbnail", "pk": 17, "fields": {"storage_hash": "d26becbf46ac48eda79c7a39a13a02dd", "name": "users/2021/10/26/deviantart_876076763_Ulysses_Standing_Alone.jpg.100x100_q85_crop-100%.jpg", "modified": "2021-10-26T20:38:01.012Z", "source": 3}}, {"model": "easy_thumbnails.thumbnail", "pk": 18, "fields": {"storage_hash": "d26becbf46ac48eda79c7a39a13a02dd", "name": "users/2021/10/27/deviantart_876076981_Reptilian_Blues.jpg.100x100_q85_crop-100%.jpg", "modified": "2021-10-26T20:38:01.179Z", "source": 4}}, {"model": "easy_thumbnails.thumbnail", "pk": 19, "fields": {"storage_hash": "d26becbf46ac48eda79c7a39a13a02dd", "name": "users/2021/10/27/deviantart_876076981_Reptilian_Blues.jpg.40x40_q85_crop.jpg", "modified": "2021-10-26T20:58:40.766Z", "source": 4}}, {"model": "easy_thumbnails.thumbnail", "pk": 20, "fields": {"storage_hash": "d26becbf46ac48eda79c7a39a13a02dd", "name": "cover/2021/10/27/deviantart_747396615_Sasuke.jpg.800x400_q85_crop-100%.jpg", "modified": "2021-10-27T01:31:40.961Z", "source": 5}}, {"model": "easy_thumbnails.thumbnail", "pk": 21, "fields": {"storage_hash": "d26becbf46ac48eda79c7a39a13a02dd", "name": "cover/2021/10/27/deviantart_747396615_Sasuke.jpg.735x300_q85_crop.jpg", "modified": "2021-10-27T10:26:42.177Z", "source": 5}}, {"model": "easy_thumbnails.thumbnail", "pk": 22, "fields": {"storage_hash": "d26becbf46ac48eda79c7a39a13a02dd", "name": "cover/2021/10/27/deviantart_747396615_Sasuke.jpg.759x382_q85_crop-100%.jpg", "modified": "2021-10-27T10:33:56.109Z", "source": 5}}, {"model": "easy_thumbnails.thumbnail", "pk": 23, "fields": {"storage_hash": "d26becbf46ac48eda79c7a39a13a02dd", "name": "cover/2021/10/27/deviantart_747396615_Sasuke.jpg.883x341_q85_crop-100%.jpg", "modified": "2021-10-27T11:01:28.192Z", "source": 5}}, {"model": "easy_thumbnails.thumbnail", "pk": 24, "fields": {"storage_hash": "d26becbf46ac48eda79c7a39a13a02dd", "name": "users/2021/10/30/deviantart_895059193_Study.jpg.42x42_q85_crop.jpg", "modified": "2021-10-29T22:04:30.120Z", "source": 6}}, {"model": "easy_thumbnails.thumbnail", "pk": 25, "fields": {"storage_hash": "d26becbf46ac48eda79c7a39a13a02dd", "name": "users/2021/10/30/deviantart_895059193_Study.jpg.300x300_q85_crop-100%.jpg", "modified": "2021-10-29T22:04:30.250Z", "source": 6}}, {"model": "easy_thumbnails.thumbnail", "pk": 26, "fields": {"storage_hash": "d26becbf46ac48eda79c7a39a13a02dd", "name": "users/2021/10/30/deviantart_895059193_Study.jpg.30x30_q85_crop.jpg", "modified": "2021-10-30T05:47:16.692Z", "source": 6}}, {"model": "easy_thumbnails.thumbnail", "pk": 27, "fields": {"storage_hash": "d26becbf46ac48eda79c7a39a13a02dd", "name": "users/2021/10/30/deviantart_895059193_Study.jpg.42x42_q85_crop-100%.jpg", "modified": "2021-10-30T05:48:02.365Z", "source": 6}}, {"model": "easy_thumbnails.thumbnail", "pk": 28, "fields": {"storage_hash": "d26becbf46ac48eda79c7a39a13a02dd", "name": "users/2021/10/30/deviantart_895059193_Study.jpg.20x20_q85_crop-100%.jpg", "modified": "2021-10-31T12:49:11.608Z", "source": 6}}, {"model": "easy_thumbnails.thumbnail", "pk": 29, "fields": {"storage_hash": "d26becbf46ac48eda79c7a39a13a02dd", "name": "account/defaultprofileimage.jpg.42x42_q85_crop.jpg", "modified": "2021-10-31T17:53:55.480Z", "source": 7}}, {"model": "easy_thumbnails.thumbnail", "pk": 30, "fields": {"storage_hash": "d26becbf46ac48eda79c7a39a13a02dd", "name": "account/defaultprofileimage.jpg.300x300_q85_crop-100%.jpg", "modified": "2021-10-31T17:53:55.649Z", "source": 7}}, {"model": "easy_thumbnails.thumbnail", "pk": 31, "fields": {"storage_hash": "d26becbf46ac48eda79c7a39a13a02dd", "name": "users/2021/10/30/deviantart_895059193_Study.jpg.400x400_q85_crop-100%.jpg", "modified": "2021-10-31T22:22:26.585Z", "source": 6}}, {"model": "easy_thumbnails.thumbnail", "pk": 32, "fields": {"storage_hash": "d26becbf46ac48eda79c7a39a13a02dd", "name": "users/2021/10/30/deviantart_895059193_Study.jpg.600x600_q85_crop-100%.jpg", "modified": "2021-10-31T22:22:26.757Z", "source": 6}}, {"model": "easy_thumbnails.thumbnail", "pk": 33, "fields": {"storage_hash": "d26becbf46ac48eda79c7a39a13a02dd", "name": "account/defaultprofileimage.jpg.20x20_q85_crop-100%.jpg", "modified": "2021-10-31T23:57:10.590Z", "source": 7}}, {"model": "easy_thumbnails.thumbnail", "pk": 34, "fields": {"storage_hash": "d26becbf46ac48eda79c7a39a13a02dd", "name": "account/defaultprofileimage.jpg.42x42_q85_crop-100%.jpg", "modified": "2021-11-01T12:32:30.953Z", "source": 7}}, {"model": "easy_thumbnails.thumbnail", "pk": 35, "fields": {"storage_hash": "d26becbf46ac48eda79c7a39a13a02dd", "name": "cover/2021/11/01/deviantart_878531189_Spring_Dragon_of_great_wealth_and_good_luck.jpg.800x400_q85_crop-100%.jpg", "modified": "2021-11-01T12:32:31.382Z", "source": 8}}, {"model": "easy_thumbnails.thumbnail", "pk": 36, "fields": {"storage_hash": "d26becbf46ac48eda79c7a39a13a02dd", "name": "account/defaultprofileimage.jpg.30x30_q85_crop.jpg", "modified": "2021-11-01T17:16:10.837Z", "source": 7}}, {"model": "easy_thumbnails.thumbnail", "pk": 37, "fields": {"storage_hash": "d26becbf46ac48eda79c7a39a13a02dd", "name": "cover/2021/11/01/deviantart_878531189_Spring_Dragon_of_great_wealth_and_good_luck.jpg.735x300_q85_crop.jpg", "modified": "2021-11-01T17:16:11.177Z", "source": 8}}, {"model": "easy_thumbnails.thumbnail", "pk": 38, "fields": {"storage_hash": "d26becbf46ac48eda79c7a39a13a02dd", "name": "cover/2021/11/01/deviantart_878531189_Spring_Dragon_of_great_wealth_and_good_luck.jpg.883x341_q85_crop-100%.jpg", "modified": "2021-11-01T23:18:46.853Z", "source": 8}}, {"model": "taggit.tag", "pk": 1, "fields": {"name": " pilastro", "slug": "pilastro"}}, {"model": "taggit.tag", "pk": 2, "fields": {"name": " bbc", "slug": "bbc"}}, {"model": "taggit.tag", "pk": 3, "fields": {"name": " tag", "slug": "tag"}}, {"model": "taggit.taggeditem", "pk": 1, "fields": {"tag": 1, "content_type": 46, "object_id": 1}}, {"model": "taggit.taggeditem", "pk": 2, "fields": {"tag": 2, "content_type": 46, "object_id": 1}}, {"model": "taggit.taggeditem", "pk": 3, "fields": {"tag": 3, "content_type": 46, "object_id": 2}}, {"model": "blog.mycustomtag", "pk": 1, "fields": {"name": "Done", "slug": "done", "creator": 1, "original": false, "created": "2021-10-26T06:45:13.782Z"}}, {"model": "blog.mycustomtag", "pk": 2, "fields": {"name": "detective", "slug": "detective", "creator": 1, "original": false, "created": "2021-10-27T01:31:38.589Z"}}, {"model": "blog.mycustomtag", "pk": 3, "fields": {"name": "sherlock", "slug": "sherlock", "creator": 1, "original": false, "created": "2021-10-27T01:31:38.818Z"}}, {"model": "blog.mycustomtag", "pk": 4, "fields": {"name": "pillar", "slug": "pillar", "creator": 1, "original": false, "created": "2021-10-27T04:00:40.038Z"}}, {"model": "blog.mycustomtag", "pk": 5, "fields": {"name": "bbc", "slug": "bbc", "creator": 1, "original": false, "created": "2021-10-27T04:00:40.088Z"}}, {"model": "blog.mycustomtag", "pk": 6, "fields": {"name": "tags", "slug": "tags", "creator": 4, "original": false, "created": "2021-11-01T12:32:29.885Z"}}, {"model": "blog.taggedwhatever", "pk": 1, "fields": {"content_type": 18, "object_id": 1, "tag": 1}}, {"model": "blog.taggedwhatever", "pk": 2, "fields": {"content_type": 18, "object_id": 2, "tag": 2}}, {"model": "blog.taggedwhatever", "pk": 3, "fields": {"content_type": 18, "object_id": 2, "tag": 3}}, {"model": "blog.taggedwhatever", "pk": 4, "fields": {"content_type": 18, "object_id": 7, "tag": 4}}, {"model": "blog.taggedwhatever", "pk": 5, "fields": {"content_type": 18, "object_id": 7, "tag": 5}}, {"model": "blog.taggedwhatever", "pk": 6, "fields": {"content_type": 18, "object_id": 8, "tag": 6}}, {"model": "blog.post", "pk": 1, "fields": {"title": "Done DOne", "category": null, "publication": null, "cover": "cover/2021/10/26/Screenshot_from_2021-10-26_00-17-22.png", "slug": "done-done-0x1-en", "author": 1, "body": "<figure class=\"image\"><img src=\"/media/my_uploader/Screenshot from 2021-10-26 00-17-22.png\"></figure><p>Job Is Done? i M Done Let me Do it i like to have Fun Fun Fun</p>", "created": "2021-10-26T06:45:13.715Z", "updated": "2021-10-26T06:45:13.715Z", "publish": "2021-10-26T06:45:13.701Z", "status": "published", "total_likes": 0, "last_editeduser": null, "other_author": [], "users_like": [], "bookmark_list": [1]}}, {"model": "blog.post", "pk": 2, "fields": {"title": "Sherlock Holmes Location", "category": null, "publication": null, "cover": "cover/2021/10/27/deviantart_747396615_Sasuke.jpg", "slug": "sherlock-holmes-location-0x2", "author": 1, "body": "<p>Sherlock Holmes is one of the world’s most famous fictional detectives. Created by Sir Arthur Conan Doyle in 1887, the iconic character has since appeared in dozens of stage adaptations, films, television productions and publications, going on to become a cultural icon. Whether you are a fan of the novels or the most recent BBC series, there’s no denying that pipe-smoking detective is a global phenomenon.</p><p>There are tons of locations and attractions up and down the UK that are connected to Sherlock Holmes and his adventures. But here, we’re just looking at the critically acclaimed BBC series Sherlock, starring Benedict Cumberbatch and Martin Freeman. Though the show was mostly set in London, a lot of it was actually filmed in Cardiff. Here is a list of some of BBC Sherlock filming locations that can help you follow the steps of Holmes and Dr Watson:</p>", "created": "2021-10-27T01:31:38.277Z", "updated": "2021-10-27T01:31:38.277Z", "publish": "2021-10-27T01:31:38.218Z", "status": "published", "total_likes": 0, "last_editeduser": null, "other_author": [], "users_like": [], "bookmark_list": []}}, {"model": "blog.post", "pk": 3, "fields": {"title": "even though the show’s been out for a while", "category": null, "publication": null, "cover": "", "slug": "even-though-the-shows-been-out-for-a-while-0x3", "author": 1, "body": "<p>Sherlock Holmes is one of the world’s most famous fictional detectives. Created by Sir Arthur Conan Doyle in 1887, the iconic character has since appeared in dozens of stage adaptations, films, television productions and publications, going on to become a cultural icon. Whether you are a fan of the novels or the most recent BBC series, there’s no denying that pipe-smoking detective is a global phenomenon.</p><p>There are tons of locations and attractions up and down the UK that are connected to Sherlock Holmes and his adventures. But here, we’re just looking at the critically acclaimed BBC series Sherlock, starring Benedict Cumberbatch and Martin Freeman. Though the show was mostly set in London, a lot of it was actually filmed in Cardiff. Here is a list of some of BBC Sherlock filming locations that can help you follow the steps of Holmes and Dr Watson:</p>", "created": "2021-10-27T01:39:35.382Z", "updated": "2021-10-27T01:39:35.382Z", "publish": "2021-10-27T01:39:35.363Z", "status": "draft", "total_likes": 0, "last_editeduser": null, "other_author": [], "users_like": [], "bookmark_list": []}}, {"model": "blog.post", "pk": 4, "fields": {"title": "The exterior of the British Academy in Carlton Terrace was used as the Diogenes Club", "category": null, "publication": null, "cover": "", "slug": "the-exterior-of-the-british-academy-in-carlton-terrace-was-used-as-the-diogenes-club-0x4", "author": 1, "body": "<h4><strong>Landmark London Hotel – Reunion Restaurant</strong></h4><p>This restaurant was featured in “The Empty Hearse” as the aptly named Reunion Restaurant where Watson discovers that Holmes is alive. While the exteriors of the Landmark London Hotel on Marylebone were used, the interiors were filmed at the Daffodil in Cheltenham.</p><h2>BRISTOL</h2><p>Bristol has been used as a fill-in for London on several scenes in BBC’s Sherlock.</p>", "created": "2021-10-27T01:41:54.230Z", "updated": "2021-10-27T01:41:54.230Z", "publish": "2021-10-27T01:41:00Z", "status": "published", "total_likes": 0, "last_editeduser": null, "other_author": [], "users_like": [], "bookmark_list": []}}, {"model": "blog.post", "pk": 5, "fields": {"title": "Immersive Sherlock Escape Room Coming To London", "category": null, "publication": null, "cover": "", "slug": "immersive-sherlock-escape-room-coming-to-london-0x5", "author": 1, "body": "<p>An immersive <i>Sherlock</i> escape room is set to open in central London later this year. It will be&nbsp;based on the wildly popular British TV series <i>Sherlock.&nbsp;</i>Creators of the show<i>,&nbsp;</i>Mark Gatiss and Steven Moffat, have consulted the experience.</p><p>The Sherlock escape room is created by Time Run. They approached the producers of the show with the idea, which had been in the world for over a year.</p>", "created": "2021-10-27T03:54:53.148Z", "updated": "2021-10-31T15:42:31.961Z", "publish": "2021-10-27T03:54:00Z", "status": "published", "total_likes": 1, "last_editeduser": null, "other_author": [], "users_like": [1], "bookmark_list": [1]}}, {"model": "blog.post", "pk": 6, "fields": {"title": "I’m back from holiday", "category": null, "publication": null, "cover": "", "slug": "im-back-from-holiday-0x6", "author": 1, "body": "<p>Hey <img src=\"https://s.w.org/images/core/emoji/13.0.1/svg/1f44b.svg\" alt=\"👋\"> it’s Murry so on the Saturday of the first week of the holidays I went to the Scotland football game it was so cool. That night there was a fire <img src=\"https://s.w.org/images/core/emoji/13.0.1/svg/1f525.svg\" alt=\"🔥\"> alarm <img src=\"https://s.w.org/images/core/emoji/13.0.1/svg/1f6a8.svg\" alt=\"🚨\"> in the hotel so I had to go outside in my shorts taking about shorts I have been lately been watching the Simpsons show.</p><p>In the holidays I also have done some drawings, I drew duff beer from the Simpson.</p>", "created": "2021-10-27T03:56:44.473Z", "updated": "2021-10-27T17:04:17.040Z", "publish": "2021-10-27T03:56:44.448Z", "status": "trashed", "total_likes": 0, "last_editeduser": null, "other_author": [], "users_like": [], "bookmark_list": []}}, {"model": "blog.post", "pk": 7, "fields": {"title": "Malkhan Singh: The surrender of India's bandit king", "category": null, "publication": null, "cover": "", "slug": "malkhan-singh-the-surrender-of-indias-bandit-king-0x7", "author": 1, "body": "<p><strong>In the early 1980s, Indian photographer Prashant Panjiar trekked across the arid badlands of central India, chronicling the lives of India's fabled bandits.</strong></p><p>Most of the bandits lived and operated from Madhya Pradesh state's Chambal region, which Pulitzer Prize-winning writer Paul Salopek described as a \"no-go zone of lumpy hills and silty rivers infested with thugs, robbers, murderers, gangsters - with infamous highwaymen called dacoits.\"</p><p>After months of trying, Panjiar and two fellow journalists managed to meet Malkhan Singh, popularly known as India's \"bandit king\", in Chambal in May 1982.</p><p>Bandits were also operating with impunity in the neighbouring state of Uttar Pradesh: a year ago, Phoolan Devi, a female bandit, had risen to notoriety when she had 22 upper-caste Hindu men massacred on Valentine's Day to avenge her gang-rape.</p><p>But in Chambal, Malkhan Singh and his gang were the most feared. They travelled by foot and lived in makeshift camps in the ravines - deep and narrow gorges with steep sides.</p><p>At its peak during a 13-year-long reign, Singh's gang boasted up to 100 men - he had been crowned the \"bandit king\" by rivals. By 1982, police had registered 94 cases against the gang, including for dacoity (banditry), kidnapping and murder.</p><p>Singh himself, according to reports, had a reward of 70,000 rupees for his capture. Translated at today's rate, the reward was just over $900, but in the day it was worth almost $8,000 and a pretty big sum. The government also started sending out feelers to him to give up arms.</p><p>In the blistering summer of 1982, Panjiar and his colleagues Kalyan Mukherjee and Brijraj Singh found themselves at the centre of negotiations between the Congress-led government of Madhya Pradesh and Singh's gang for the latter's surrender. They developed a contact to meet Singh.</p><p>\"I got to spend a few days with the gang. I was happy to be a 'hostage' - their guarantee against betrayal - as long as I was getting my pictures,\" Panjiar says.</p>", "created": "2021-10-27T04:00:39.911Z", "updated": "2021-10-27T17:04:10.252Z", "publish": "2021-10-27T04:00:39.899Z", "status": "trashed", "total_likes": 0, "last_editeduser": null, "other_author": [], "users_like": [], "bookmark_list": []}}, {"model": "blog.post", "pk": 8, "fields": {"title": "aasaaa", "category": null, "publication": null, "cover": "cover/2021/11/01/deviantart_878531189_Spring_Dragon_of_great_wealth_and_good_luck.jpg", "slug": "aasaaa-0x8", "author": 4, "body": "<p>asdd</p>", "created": "2021-11-01T12:32:29.758Z", "updated": "2021-11-03T17:06:11.237Z", "publish": "2021-11-01T12:32:29.728Z", "status": "published", "total_likes": 1, "last_editeduser": null, "other_author": [], "users_like": [1], "bookmark_list": [1]}}, {"model": "blog.post", "pk": 9, "fields": {"title": "pol", "category": null, "publication": null, "cover": "", "slug": "pol-0x9", "author": 4, "body": "<p>mea</p>", "created": "2021-11-01T12:32:45.857Z", "updated": "2021-11-01T12:32:45.857Z", "publish": "2021-11-01T12:32:45.843Z", "status": "draft", "total_likes": 0, "last_editeduser": null, "other_author": [], "users_like": [], "bookmark_list": []}}, {"model": "blog.post", "pk": 10, "fields": {"title": "nowww", "category": null, "publication": null, "cover": "", "slug": "nowww-0xa", "author": 4, "body": "<p>wwwaa</p>", "created": "2021-11-01T12:34:07.585Z", "updated": "2021-11-01T12:34:07.585Z", "publish": "2021-11-01T12:34:07.573Z", "status": "draft", "total_likes": 0, "last_editeduser": null, "other_author": [], "users_like": [], "bookmark_list": []}}, {"model": "blog.post", "pk": 11, "fields": {"title": "fade", "category": null, "publication": null, "cover": "", "slug": "fade-0xb", "author": 4, "body": "<p><strong>dede</strong></p>", "created": "2021-11-01T12:53:32.193Z", "updated": "2021-11-01T12:53:32.193Z", "publish": "2021-11-01T12:53:32.176Z", "status": "draft", "total_likes": 0, "last_editeduser": null, "other_author": [], "users_like": [], "bookmark_list": []}}, {"model": "blog.post", "pk": 12, "fields": {"title": "aaaaa", "category": null, "publication": null, "cover": "", "slug": "aaaaa-0xc", "author": 1, "body": "<p>aaaaa</p>", "created": "2021-11-01T23:58:25.267Z", "updated": "2021-11-02T00:01:22.477Z", "publish": "2021-11-01T23:58:25.253Z", "status": "draft", "total_likes": 1, "last_editeduser": null, "other_author": [], "users_like": [1], "bookmark_list": [1]}}, {"model": "blog.post", "pk": 13, "fields": {"title": "https://open.spotify.com/artist/1ExCrobB2mqThavegHEHeS", "category": null, "publication": null, "cover": "", "slug": "httpsopenspotifycomartist1excrobb2mqthaveghehes-0xd", "author": 1, "body": "<figure class=\"media\"><o-embed url=\"https://open.spotify.com/artist/1ExCrobB2mqThavegHEHeS\"></o-embed></figure><p>Music</p>", "created": "2021-11-02T15:12:38.636Z", "updated": "2021-11-02T15:12:38.636Z", "publish": "2021-11-02T15:12:38.619Z", "status": "draft", "total_likes": 0, "last_editeduser": null, "other_author": [], "users_like": [], "bookmark_list": []}}, {"model": "blog.comment", "pk": 1, "fields": {"post": 5, "commentor": 1, "parent": null, "body": "", "created": "2021-10-31T12:49:10.475Z", "updated": "2021-10-31T12:49:10.475Z", "active": true, "total_likes": 0, "lft": 1, "rght": 14, "tree_id": 1, "level": 0, "users_like": [1]}}, {"model": "blog.comment", "pk": 2, "fields": {"post": 5, "commentor": 1, "parent": null, "body": "", "created": "2021-10-31T12:49:21.627Z", "updated": "2021-10-31T12:49:21.627Z", "active": true, "total_likes": 0, "lft": 1, "rght": 8, "tree_id": 2, "level": 0, "users_like": []}}, {"model": "blog.comment", "pk": 3, "fields": {"post": 5, "commentor": 1, "parent": null, "body": "", "created": "2021-10-31T13:46:39.102Z", "updated": "2021-10-31T13:46:39.102Z", "active": true, "total_likes": 0, "lft": 1, "rght": 10, "tree_id": 3, "level": 0, "users_like": []}}, {"model": "blog.comment", "pk": 4, "fields": {"post": 5, "commentor": 1, "parent": null, "body": "<p>asdad</p>", "created": "2021-10-31T14:02:53.904Z", "updated": "2021-10-31T14:02:53.904Z", "active": true, "total_likes": 0, "lft": 1, "rght": 4, "tree_id": 4, "level": 0, "users_like": []}}, {"model": "blog.comment", "pk": 5, "fields": {"post": 5, "commentor": 1, "parent": null, "body": "<p>aaa</p>", "created": "2021-10-31T14:03:04.255Z", "updated": "2021-10-31T14:03:04.255Z", "active": true, "total_likes": 0, "lft": 1, "rght": 6, "tree_id": 5, "level": 0, "users_like": []}}, {"model": "blog.comment", "pk": 6, "fields": {"post": 5, "commentor": 1, "parent": null, "body": "<p>aaaaa</p>", "created": "2021-10-31T14:09:30.620Z", "updated": "2021-10-31T14:09:30.620Z", "active": true, "total_likes": 0, "lft": 1, "rght": 2, "tree_id": 6, "level": 0, "users_like": []}}, {"model": "blog.comment", "pk": 7, "fields": {"post": 5, "commentor": 1, "parent": 2, "body": "", "created": "2021-10-31T14:09:42.475Z", "updated": "2021-10-31T14:09:42.475Z", "active": true, "total_likes": 0, "lft": 2, "rght": 5, "tree_id": 2, "level": 1, "users_like": []}}, {"model": "blog.comment", "pk": 8, "fields": {"post": 5, "commentor": 1, "parent": 3, "body": "sss", "created": "2021-10-31T14:39:08.944Z", "updated": "2021-10-31T14:39:08.944Z", "active": true, "total_likes": 0, "lft": 2, "rght": 9, "tree_id": 3, "level": 1, "users_like": []}}, {"model": "blog.comment", "pk": 9, "fields": {"post": 5, "commentor": 1, "parent": 5, "body": "aaa replay zero", "created": "2021-10-31T14:39:44.633Z", "updated": "2021-10-31T14:39:44.633Z", "active": true, "total_likes": 0, "lft": 2, "rght": 5, "tree_id": 5, "level": 1, "users_like": []}}, {"model": "blog.comment", "pk": 41, "fields": {"post": 5, "commentor": 1, "parent": 9, "body": "ssss", "created": "2021-10-31T14:53:36.225Z", "updated": "2021-10-31T14:53:36.225Z", "active": true, "total_likes": 0, "lft": 3, "rght": 4, "tree_id": 5, "level": 2, "users_like": []}}, {"model": "blog.comment", "pk": 42, "fields": {"post": 5, "commentor": 1, "parent": 2, "body": "", "created": "2021-10-31T14:55:03.601Z", "updated": "2021-10-31T14:55:03.601Z", "active": true, "total_likes": 0, "lft": 6, "rght": 7, "tree_id": 2, "level": 1, "users_like": []}}, {"model": "blog.comment", "pk": 43, "fields": {"post": 5, "commentor": 1, "parent": 1, "body": "", "created": "2021-10-31T14:56:05.105Z", "updated": "2021-10-31T14:56:05.105Z", "active": true, "total_likes": 0, "lft": 2, "rght": 11, "tree_id": 1, "level": 1, "users_like": []}}, {"model": "blog.comment", "pk": 44, "fields": {"post": 5, "commentor": 1, "parent": 4, "body": "aaaa", "created": "2021-10-31T15:41:15.216Z", "updated": "2021-10-31T15:41:15.216Z", "active": true, "total_likes": 0, "lft": 2, "rght": 3, "tree_id": 4, "level": 1, "users_like": []}}, {"model": "blog.comment", "pk": 45, "fields": {"post": 4, "commentor": 3, "parent": null, "body": "<p>aaaaa</p>", "created": "2021-10-31T17:50:16.228Z", "updated": "2021-10-31T17:50:16.228Z", "active": true, "total_likes": 0, "lft": 1, "rght": 8, "tree_id": 7, "level": 0, "users_like": []}}, {"model": "blog.comment", "pk": 46, "fields": {"post": 5, "commentor": 1, "parent": 8, "body": "asdas", "created": "2021-10-31T22:56:39.364Z", "updated": "2021-10-31T22:56:39.364Z", "active": true, "total_likes": 0, "lft": 3, "rght": 4, "tree_id": 3, "level": 2, "users_like": []}}, {"model": "blog.comment", "pk": 47, "fields": {"post": 5, "commentor": 1, "parent": 43, "body": "aaa", "created": "2021-10-31T23:04:01.629Z", "updated": "2021-10-31T23:04:01.629Z", "active": true, "total_likes": 0, "lft": 3, "rght": 8, "tree_id": 1, "level": 2, "users_like": []}}, {"model": "blog.comment", "pk": 48, "fields": {"post": 5, "commentor": 1, "parent": 8, "body": "ss", "created": "2021-10-31T23:05:29.697Z", "updated": "2021-10-31T23:05:29.698Z", "active": true, "total_likes": 0, "lft": 5, "rght": 6, "tree_id": 3, "level": 2, "users_like": []}}, {"model": "blog.comment", "pk": 49, "fields": {"post": 5, "commentor": 1, "parent": 8, "body": "aaa", "created": "2021-10-31T23:10:24.008Z", "updated": "2021-10-31T23:10:24.008Z", "active": true, "total_likes": 0, "lft": 7, "rght": 8, "tree_id": 3, "level": 2, "users_like": []}}, {"model": "blog.comment", "pk": 50, "fields": {"post": 5, "commentor": 1, "parent": 47, "body": "a", "created": "2021-10-31T23:16:51.292Z", "updated": "2021-10-31T23:16:51.292Z", "active": true, "total_likes": 0, "lft": 4, "rght": 7, "tree_id": 1, "level": 3, "users_like": []}}, {"model": "blog.comment", "pk": 51, "fields": {"post": 5, "commentor": 1, "parent": 7, "body": "aa", "created": "2021-10-31T23:17:12.850Z", "updated": "2021-10-31T23:17:12.850Z", "active": true, "total_likes": 0, "lft": 3, "rght": 4, "tree_id": 2, "level": 2, "users_like": []}}, {"model": "blog.comment", "pk": 52, "fields": {"post": 5, "commentor": 1, "parent": 43, "body": "aa", "created": "2021-10-31T23:26:24.531Z", "updated": "2021-10-31T23:26:24.531Z", "active": true, "total_likes": 0, "lft": 9, "rght": 10, "tree_id": 1, "level": 2, "users_like": []}}, {"model": "blog.comment", "pk": 53, "fields": {"post": 5, "commentor": 1, "parent": 50, "body": "aaaa", "created": "2021-10-31T23:55:02.719Z", "updated": "2021-10-31T23:55:02.719Z", "active": true, "total_likes": 0, "lft": 5, "rght": 6, "tree_id": 1, "level": 4, "users_like": []}}, {"model": "blog.comment", "pk": 54, "fields": {"post": 5, "commentor": 1, "parent": 1, "body": "ppppp", "created": "2021-10-31T23:56:34.745Z", "updated": "2021-10-31T23:56:34.745Z", "active": true, "total_likes": 0, "lft": 12, "rght": 13, "tree_id": 1, "level": 1, "users_like": []}}, {"model": "blog.comment", "pk": 55, "fields": {"post": 4, "commentor": 1, "parent": 45, "body": "wahts?", "created": "2021-10-31T23:57:21.809Z", "updated": "2021-10-31T23:57:21.809Z", "active": true, "total_likes": 0, "lft": 2, "rght": 7, "tree_id": 7, "level": 1, "users_like": []}}, {"model": "blog.comment", "pk": 56, "fields": {"post": 4, "commentor": 1, "parent": 55, "body": "aa", "created": "2021-11-01T00:06:37.462Z", "updated": "2021-11-01T00:06:37.462Z", "active": true, "total_likes": 0, "lft": 3, "rght": 4, "tree_id": 7, "level": 2, "users_like": []}}, {"model": "blog.comment", "pk": 57, "fields": {"post": 4, "commentor": 1, "parent": 55, "body": "aaaaa", "created": "2021-11-01T00:19:17.647Z", "updated": "2021-11-01T00:19:17.647Z", "active": true, "total_likes": 0, "lft": 5, "rght": 6, "tree_id": 7, "level": 2, "users_like": []}}, {"model": "blog.comment", "pk": 58, "fields": {"post": 8, "commentor": 1, "parent": null, "body": "<p>Comments&nbsp;</p><p>whith hirederichy</p><p>&nbsp;</p>", "created": "2021-11-03T17:06:30.842Z", "updated": "2021-11-03T17:06:30.842Z", "active": true, "total_likes": 0, "lft": 1, "rght": 2, "tree_id": 8, "level": 0, "users_like": [1]}}, {"model": "blog.tagnamevalue", "pk": 1, "fields": {"tag": 1, "user": 1, "value": 5}}, {"model": "blog.tagnamevalue", "pk": 2, "fields": {"tag": 2, "user": 1, "value": 1}}, {"model": "blog.tagnamevalue", "pk": 3, "fields": {"tag": 3, "user": 1, "value": 1}}, {"model": "blog.tagnamevalue", "pk": 4, "fields": {"tag": 4, "user": 1, "value": 1}}, {"model": "blog.tagnamevalue", "pk": 5, "fields": {"tag": 5, "user": 1, "value": 1}}, {"model": "blog.tagnamevalue", "pk": 6, "fields": {"tag": 6, "user": 4, "value": 1}}, {"model": "blog.tagnamevalue", "pk": 7, "fields": {"tag": 6, "user": 1, "value": 4}}, {"model": "italian_translate.italiantranslatedpost", "pk": 1, "fields": {"post": 7, "title": "Malkhan Singh: La resa del re bandito dell'India", "slug": "malkhan-singh-la-resa-del-re-bandito-dellindia-0x1", "body": "<p> <strong>All'inizio degli anni '80, il fotografo indiano Prashant Panjiar ha attraversato gli aridi calanchi dell'India centrale, raccontando le vite dei leggendari banditi indiani.</strong></p><p> La maggior parte dei banditi viveva e operava nella regione di Chambal, nello stato del Madhya Pradesh, che lo scrittore premio Pulitzer Paul Salopek ha descritto come una \"zona vietata di colline bitorzolute e fiumi limosi infestati da teppisti, ladri, assassini, gangster - con famigerati banditi chiamati briganti\".</p><p> Dopo mesi di tentativi, Panjiar e due colleghi giornalisti riuscirono a incontrare Malkhan Singh, popolarmente conosciuto come il \"re bandito\" dell'India, a Chambal nel maggio 1982.</p><p> I banditi operavano impunemente anche nel vicino stato dell'Uttar Pradesh: un anno fa, Phoolan Devi, una bandita donna, era salita alla notorietà quando aveva fatto massacrare 22 uomini indù delle caste superiori il giorno di San Valentino per vendicare il suo stupro di gruppo.</p><p> Ma a Chambal, Malkhan Singh e la sua banda erano i più temuti. Viaggiavano a piedi e vivevano in accampamenti di fortuna nei burroni - gole profonde e strette con fianchi ripidi.</p><p> Al suo apice durante un regno di 13 anni, la banda di Singh vantava fino a 100 uomini: era stato incoronato \"re bandito\" dai rivali. Nel 1982, la polizia aveva registrato 94 casi contro la banda, inclusi per frode (banditismo), rapimento e omicidio.</p><p> Lo stesso Singh, secondo i rapporti, ha avuto una ricompensa di 70.000 rupie per la sua cattura. Tradotto al ritmo odierno, la ricompensa era di poco più di 900 dollari, ma all'epoca valeva quasi 8.000 dollari e una somma piuttosto grande. Il governo ha anche iniziato a mandargli delle antenne per consegnare le armi.</p><p> Nella rovente estate del 1982, Panjiar ei suoi colleghi Kalyan Mukherjee e Brijraj Singh si trovarono al centro dei negoziati tra il governo guidato dal Congresso del Madhya Pradesh e la banda di Singh per la resa di quest'ultimo. Hanno sviluppato un contatto per incontrare Singh.</p><p> \"Ho trascorso alcuni giorni con la banda. Ero felice di essere un 'ostaggio' - la loro garanzia contro il tradimento - finché ricevevo le mie foto\", dice Panjiar.</p>", "cover": "", "created": "2021-10-27T04:00:48.665Z", "updated": "2021-10-27T04:00:48.665Z", "total_likes": 0, "audio": "italian_speech/7_italian.mp3", "edited_by": [], "users_like": [], "bookmark_list": []}}, {"model": "italian_translate.italiantranslatedpost", "pk": 2, "fields": {"post": 8, "title": "aaaaa", "slug": "aaaaa-0x2-it", "body": "<p> asdd</p>", "cover": "", "created": "2021-11-01T12:32:34.770Z", "updated": "2021-11-01T12:32:34.770Z", "total_likes": 0, "audio": "italian_speech/8_italian.mp3", "edited_by": [], "users_like": [], "bookmark_list": []}}]